{
  "CO2_0": 427.3363636363636,
  "G_0": 96.4926908179605,
  "E_0": 38.598578,
  "year": 2025
}